-- MySQL dump 10.13  Distrib 5.5.16, for Linux (x86_64)
--
-- Host: localhost    Database: yunweidb
-- ------------------------------------------------------
-- Server version	5.5.16-log

/*!40101 SET @OLD_CHARACTER_SET_CLIENT=@@CHARACTER_SET_CLIENT */;
/*!40101 SET @OLD_CHARACTER_SET_RESULTS=@@CHARACTER_SET_RESULTS */;
/*!40101 SET @OLD_COLLATION_CONNECTION=@@COLLATION_CONNECTION */;
/*!40101 SET NAMES utf8 */;
/*!40103 SET @OLD_TIME_ZONE=@@TIME_ZONE */;
/*!40103 SET TIME_ZONE='+00:00' */;
/*!40014 SET @OLD_UNIQUE_CHECKS=@@UNIQUE_CHECKS, UNIQUE_CHECKS=0 */;
/*!40014 SET @OLD_FOREIGN_KEY_CHECKS=@@FOREIGN_KEY_CHECKS, FOREIGN_KEY_CHECKS=0 */;
/*!40101 SET @OLD_SQL_MODE=@@SQL_MODE, SQL_MODE='NO_AUTO_VALUE_ON_ZERO' */;
/*!40111 SET @OLD_SQL_NOTES=@@SQL_NOTES, SQL_NOTES=0 */;

--
-- Table structure for table `city`
--

DROP TABLE IF EXISTS `city`;
/*!40101 SET @saved_cs_client     = @@character_set_client */;
/*!40101 SET character_set_client = utf8 */;
CREATE TABLE `city` (
  `cid` int(11) NOT NULL AUTO_INCREMENT COMMENT 'city id',
  `city` varchar(50) COLLATE utf8_unicode_ci NOT NULL COMMENT 'city name ',
  `other` text COLLATE utf8_unicode_ci,
  PRIMARY KEY (`cid`)
) ENGINE=MyISAM AUTO_INCREMENT=10 DEFAULT CHARSET=utf8 COLLATE=utf8_unicode_ci;
/*!40101 SET character_set_client = @saved_cs_client */;

--
-- Dumping data for table `city`
--

LOCK TABLES `city` WRITE;
/*!40000 ALTER TABLE `city` DISABLE KEYS */;
INSERT INTO `city` VALUES (1,'广州',''),(3,'杭州',''),(4,'台湾',''),(5,'北京',''),(6,'韩国',''),(7,'深圳',''),(8,'香港',''),(9,'越南','');
/*!40000 ALTER TABLE `city` ENABLE KEYS */;
UNLOCK TABLES;

--
-- Table structure for table `config`
--

DROP TABLE IF EXISTS `config`;
/*!40101 SET @saved_cs_client     = @@character_set_client */;
/*!40101 SET character_set_client = utf8 */;
CREATE TABLE `config` (
  `name` varchar(200) COLLATE utf8_unicode_ci DEFAULT NULL,
  `page` int(5) DEFAULT NULL
) ENGINE=MyISAM DEFAULT CHARSET=utf8 COLLATE=utf8_unicode_ci COMMENT='系统配置表';
/*!40101 SET character_set_client = @saved_cs_client */;

--
-- Dumping data for table `config`
--

LOCK TABLES `config` WRITE;
/*!40000 ALTER TABLE `config` DISABLE KEYS */;
INSERT INTO `config` VALUES ('简逸 - 服务器信息管理',100);
/*!40000 ALTER TABLE `config` ENABLE KEYS */;
UNLOCK TABLES;

--
-- Table structure for table `history`
--

DROP TABLE IF EXISTS `history`;
/*!40101 SET @saved_cs_client     = @@character_set_client */;
/*!40101 SET character_set_client = utf8 */;
CREATE TABLE `history` (
  `hid` int(10) NOT NULL AUTO_INCREMENT,
  `content` text COLLATE utf8_unicode_ci NOT NULL COMMENT '还原SQL',
  `description` text COLLATE utf8_unicode_ci NOT NULL COMMENT '简介',
  `delman` varchar(50) COLLATE utf8_unicode_ci NOT NULL COMMENT '删除人',
  `deltime` int(11) NOT NULL COMMENT '删除时间',
  PRIMARY KEY (`hid`)
) ENGINE=MyISAM AUTO_INCREMENT=163 DEFAULT CHARSET=utf8 COLLATE=utf8_unicode_ci COMMENT='历史记录表-删除操作';
/*!40101 SET character_set_client = @saved_cs_client */;

--
-- Dumping data for table `history`
--

LOCK TABLES `history` WRITE;
/*!40000 ALTER TABLE `history` DISABLE KEYS */;
INSERT INTO `history` VALUES (56,'INSERT INTO project VALUE (6, \'玉契_91\', \'\')','<b>项目：</b>玉契_91','steven',1404460432),(57,'INSERT INTO project VALUE (2, \'安卓宜\', \'广州安卓宜网络技术有限公司业务使用\r\n@ndro!dY!2O!2O224\r\n183.63.174.250\')','<b>项目：</b>安卓宜','steven',1404886628),(53,'INSERT INTO hosts VALUES (19,\'云2\',\'3\',\'5\',\'4\',\'23004\',\'112.124.43.173\',\'\',\'\',\'外网\',\'10.160.34.143\',\'\',\'\',\'内网\',\'\',\'\',\'\',\'\',\'16\',\'8\',\'100\',\'0\',\'0\',\'\',\'10M\',\'副本等\',\'1\',\'广州简逸网络科技有限公司\',\'CentOS6.3 64位\',\'\',\'1382089134\',\'1384263728\',\'steven\')','<b>主机标识：</b>云2<br><b>地址：</b>112.124.43.173/10.160.34.143/<br><b>用途：</b>副本等','steven',1404460144),(58,'INSERT INTO city VALUE (2, \'香港\', \'\')','<b>城市：</b>香港','steven',1409193094),(59,'INSERT INTO hosts VALUES (63,\'JY_S36\',\'3\',\'5\',\'4\',\'23004\',\'114.215.208.160\',\'10.161.238.107\',\'\',\'副本\',\'121.199.39.45\',\'10.132.50.242\',\'\',\'网关\',\'\',\'\',\'\',\'\',\'0\',\'0\',\'0\',\'0\',\'0\',\'\',\'5\',\'云40/41 游戏服务器\',\'2\',\'广州简逸网络科技有限公司\',\'CentOS6.3 64位\',\'\',\'1409127964\',\'1410937877\',\'steven\')','<b>主机标识：</b>JY_S36<br><b>地址：</b>114.215.208.160/121.199.39.45/<br><b>用途：</b>云40/41 游戏服务器','steven',1411894141),(60,'INSERT INTO hosts VALUES (81,\'KLFT_S9 英雄傳說\',\'4\',\'7\',\'5\',\'23004\',\'203.75.148.200\',\'\',\'\',\'副本\',\'10.22.148.200\',\'\',\'\',\'内网\',\'\',\'\',\'\',\'\',\'16\',\'8\',\'500\',\'20140905\',\'0\',\'\',\'共享\',\'游戏服务器\',\'1\',\'广州简逸网络科技有限公司\',\'CentOS6.5 64位\',\'\',\'1409898775\',\'1410840006\',\'steven\')','<b>主机标识：</b>KLFT_S9 英雄傳說<br><b>地址：</b>203.75.148.200/10.22.148.200/<br><b>用途：</b>游戏服务器','steven',1414640422),(61,'INSERT INTO hosts VALUES (82,\'KLFT_S10 靈魂戰歌\',\'4\',\'7\',\'5\',\'23004\',\'203.75.148.201\',\'\',\'\',\'海外\',\'10.22.148.201\',\'\',\'\',\'网关\',\'\',\'\',\'\',\'\',\'16\',\'8\',\'500\',\'20140905\',\'0\',\'\',\'共享\',\'游戏服务器\',\'1\',\'广州简逸网络科技有限公司\',\'CentOS6.5 64位\',\'\',\'1409898795\',\'1410840015\',\'steven\')','<b>主机标识：</b>KLFT_S10 靈魂戰歌<br><b>地址：</b>203.75.148.201/10.22.148.201/<br><b>用途：</b>游戏服务器','steven',1414640429),(62,'INSERT INTO hosts VALUES (78,\'KLFT_S6\',\'4\',\'7\',\'5\',\'23004\',\'203.75.148.197\',\'\',\'\',\'海外\',\'10.22.148.197\',\'\',\'\',\'内网\',\'\',\'\',\'\',\'\',\'24\',\'16\',\'500\',\'20140905\',\'0\',\'\',\'共享\',\'游戏服务器\',\'2\',\'运营商\',\'CentOS6.5 64位\',\'\',\'1409898689\',\'1413356755\',\'steven\')','<b>主机标识：</b>KLFT_S6<br><b>地址：</b>203.75.148.197/10.22.148.197/<br><b>用途：</b>游戏服务器','steven',1414640439),(63,'INSERT INTO hosts VALUES (79,\'KLFT_S7\',\'4\',\'7\',\'5\',\'23004\',\'203.75.148.198\',\'\',\'\',\'海外\',\'10.22.148.198\',\'\',\'\',\'内网\',\'\',\'\',\'\',\'\',\'16\',\'8\',\'500\',\'20140905\',\'0\',\'\',\'共享\',\'游戏服务器\',\'2\',\'运营商\',\'CentOS6.5 64位\',\'\',\'1409898724\',\'1413356772\',\'steven\')','<b>主机标识：</b>KLFT_S7<br><b>地址：</b>203.75.148.198/10.22.148.198/<br><b>用途：</b>游戏服务器','steven',1414640445),(64,'INSERT INTO hosts VALUES (65,\'JY_S\',\'3\',\'5\',\'4\',\'23004\',\'121.40.69.248\',\'\',\'\',\'公网\',\'10.171.193.53\',\'\',\'\',\'内网\',\'\',\'\',\'\',\'\',\'16\',\'8\',\'100\',\'20141010\',\'0\',\'\',\'5\',\'云22 游戏服务器\',\'2\',\'广州简逸网络科技有限公司\',\'CentOS6.3 64位\',\'\',\'1409128081\',\'1415254783\',\'steven\')','<b>主机标识：</b>JY_S<br><b>地址：</b>121.40.69.248/10.171.193.53/<br><b>用途：</b>云22 游戏服务器','steven',1417673636),(65,'INSERT INTO hosts VALUES (60,\'JY_S48\',\'3\',\'5\',\'4\',\'23004\',\'112.124.16.54\',\'\',\'\',\'公网\',\'10.160.6.245\',\'\',\'\',\'内网\',\'\',\'\',\'\',\'\',\'16\',\'8\',\'100\',\'0\',\'0\',\'\',\'5\',\'云6 游戏服务器\',\'2\',\'广州简逸网络科技有限公司\',\'CentOS6.3 64位\',\'\',\'1409127755\',\'1417674734\',\'steven\')','<b>主机标识：</b>JY_S48<br><b>地址：</b>112.124.16.54/10.160.6.245/<br><b>用途：</b>云6 游戏服务器','steven',1418283920),(66,'INSERT INTO hosts VALUES (111,\'KLJT_S20\',\'5\',\'8\',\'6\',\'23004\',\'116.213.213.204\',\'\',\'\',\'公网\',\'10.22.213.204\',\'\',\'\',\'内网\',\'\',\'\',\'\',\'\',\'16\',\'8\',\'250\',\'20141008\',\'0\',\'\',\'共享\',\'游戏服务器\',\'2\',\'运营商\',\'CentOS6.5 64位\',\'\',\'1411986916\',\'1412755102\',\'steven\')','<b>主机标识：</b>KLJT_S20<br><b>地址：</b>116.213.213.204/10.22.213.204/<br><b>用途：</b>游戏服务器','steven',1419402501),(67,'INSERT INTO hosts VALUES (133,\'多发生的风\',\'1\',\'7\',\'1\',\'0\',\'\',\'\',\'\',\'\',\'\',\'\',\'\',\'\',\'\',\'\',\'\',\'\',\'0\',\'0\',\'0\',\'0\',\'0\',\'\',\'\',\'\',\'1\',\'\',\'\',\'\',\'1419409641\',\'0\',\'steven\')','<b>主机标识：</b>多发生的风<br><b>地址：</b>//<br><b>用途：</b>','steven',1419409678),(68,'INSERT INTO hosts VALUES (134,\'多发生的风\',\'1\',\'7\',\'1\',\'0\',\'\',\'\',\'\',\'\',\'\',\'\',\'\',\'\',\'\',\'\',\'\',\'\',\'0\',\'0\',\'0\',\'0\',\'0\',\'\',\'\',\'\',\'1\',\'\',\'\',\'\',\'1419409646\',\'0\',\'steven\')','<b>主机标识：</b>多发生的风<br><b>地址：</b>//<br><b>用途：</b>','steven',1419409681),(69,'INSERT INTO hosts VALUES (135,\'多发生的风\',\'1\',\'7\',\'1\',\'0\',\'\',\'\',\'\',\'\',\'\',\'\',\'\',\'\',\'\',\'\',\'\',\'\',\'0\',\'0\',\'0\',\'0\',\'0\',\'\',\'\',\'\',\'1\',\'\',\'\',\'\',\'1419409671\',\'0\',\'steven\')','<b>主机标识：</b>多发生的风<br><b>地址：</b>//<br><b>用途：</b>','steven',1419409750),(70,'INSERT INTO hosts VALUES (138,\'adfadfsdf11123\',\'1\',\'7\',\'1\',\'0\',\'\',\'\',\'\',\'\',\'\',\'\',\'\',\'\',\'\',\'\',\'\',\'\',\'0\',\'0\',\'0\',\'0\',\'0\',\'\',\'\',\'\',\'1\',\'\',\'\',\'\',\'1419409779\',\'0\',\'steven\')','<b>主机标识：</b>adfadfsdf11123<br><b>地址：</b>//<br><b>用途：</b>','steven',1419409783),(71,'INSERT INTO hosts VALUES (137,\'aadf213\',\'1\',\'7\',\'1\',\'0\',\'\',\'\',\'\',\'\',\'\',\'\',\'\',\'\',\'\',\'\',\'\',\'\',\'0\',\'0\',\'0\',\'0\',\'0\',\'\',\'\',\'\',\'1\',\'\',\'\',\'\',\'1419409771\',\'0\',\'steven\')','<b>主机标识：</b>aadf213<br><b>地址：</b>//<br><b>用途：</b>','steven',1419409785),(72,'INSERT INTO hosts VALUES (136,\'dfda421\',\'1\',\'7\',\'1\',\'0\',\'\',\'\',\'\',\'\',\'\',\'\',\'\',\'\',\'\',\'\',\'\',\'\',\'0\',\'0\',\'0\',\'0\',\'0\',\'\',\'\',\'\',\'1\',\'\',\'\',\'\',\'1419409756\',\'0\',\'steven\')','<b>主机标识：</b>dfda421<br><b>地址：</b>//<br><b>用途：</b>','steven',1419409788),(73,'INSERT INTO hosts VALUES (110,\'KLJT_S19\',\'5\',\'8\',\'6\',\'23004\',\'116.213.213.203\',\'\',\'\',\'公网\',\'10.22.213.203\',\'\',\'\',\'内网\',\'\',\'\',\'\',\'\',\'16\',\'8\',\'250\',\'20141008\',\'0\',\'\',\'共享\',\'游戏服务器\',\'2\',\'运营商\',\'CentOS6.5 64位\',\'\',\'1411986895\',\'1412755084\',\'steven\')','<b>主机标识：</b>KLJT_S19<br><b>地址：</b>116.213.213.203/10.22.213.203/<br><b>用途：</b>游戏服务器','steven',1419409946),(74,'INSERT INTO hosts VALUES (109,\'KLJT_S18\',\'5\',\'8\',\'6\',\'23004\',\'116.213.213.202\',\'\',\'\',\'公网\',\'10.22.213.202\',\'\',\'\',\'内网\',\'\',\'\',\'\',\'\',\'16\',\'8\',\'250\',\'20141008\',\'0\',\'\',\'共享\',\'游戏服务器\',\'2\',\'运营商\',\'CentOS6.5 64位\',\'\',\'1411986867\',\'1412755064\',\'steven\')','<b>主机标识：</b>KLJT_S18<br><b>地址：</b>116.213.213.202/10.22.213.202/<br><b>用途：</b>游戏服务器','steven',1419410130),(75,'INSERT INTO hosts VALUES (108,\'KLJT_S17\',\'5\',\'8\',\'6\',\'23004\',\'116.213.213.201\',\'\',\'\',\'公网\',\'10.22.213.201\',\'\',\'\',\'内网\',\'\',\'\',\'\',\'\',\'16\',\'8\',\'250\',\'20141008\',\'0\',\'\',\'共享\',\'游戏服务器\',\'2\',\'运营商\',\'CentOS6.5 64位\',\'\',\'1411986840\',\'1412755045\',\'steven\')','<b>主机标识：</b>KLJT_S17<br><b>地址：</b>116.213.213.201/10.22.213.201/<br><b>用途：</b>游戏服务器','steven',1419410164),(76,'INSERT INTO hosts VALUES (107,\'KLJT_S16\',\'5\',\'8\',\'6\',\'23004\',\'116.213.213.200\',\'\',\'\',\'公网\',\'10.22.213.200\',\'\',\'\',\'内网\',\'\',\'\',\'\',\'\',\'16\',\'8\',\'250\',\'20141008\',\'0\',\'\',\'共享\',\'游戏服务器\',\'2\',\'运营商\',\'CentOS6.5 64位\',\'\',\'1411986817\',\'1412755024\',\'steven\')','<b>主机标识：</b>KLJT_S16<br><b>地址：</b>116.213.213.200/10.22.213.200/<br><b>用途：</b>游戏服务器','steven',1419410176),(77,'INSERT INTO hosts VALUES (106,\'KLJT_S15\',\'5\',\'8\',\'6\',\'23004\',\'116.213.213.199\',\'\',\'\',\'公网\',\'10.22.213.199\',\'\',\'\',\'内网\',\'\',\'\',\'\',\'\',\'16\',\'8\',\'250\',\'20141008\',\'0\',\'\',\'共享\',\'游戏服务器\',\'2\',\'运营商\',\'CentOS6.5 64位\',\'\',\'1411986790\',\'1412755003\',\'steven\')','<b>主机标识：</b>KLJT_S15<br><b>地址：</b>116.213.213.199/10.22.213.199/<br><b>用途：</b>游戏服务器','steven',1419410264),(78,'INSERT INTO hosts VALUES (105,\'KLJT_S14\',\'5\',\'8\',\'6\',\'23004\',\'116.213.213.198\',\'\',\'\',\'公网\',\'10.22.213.198\',\'\',\'\',\'内网\',\'\',\'\',\'\',\'\',\'16\',\'8\',\'250\',\'20141008\',\'0\',\'\',\'共享\',\'游戏服务器\',\'2\',\'运营商\',\'CentOS6.5 64位\',\'\',\'1411986766\',\'1412754981\',\'steven\')','<b>主机标识：</b>KLJT_S14<br><b>地址：</b>116.213.213.198/10.22.213.198/<br><b>用途：</b>游戏服务器','steven',1419410280),(79,'INSERT INTO hosts VALUES (104,\'KLJT_S13\',\'5\',\'8\',\'6\',\'23004\',\'116.213.213.197\',\'\',\'\',\'公网\',\'10.22.213.197\',\'\',\'\',\'内网\',\'\',\'\',\'\',\'\',\'16\',\'8\',\'250\',\'20141008\',\'0\',\'\',\'共享\',\'游戏服务器\',\'2\',\'运营商\',\'CentOS6.5 64位\',\'\',\'1411986740\',\'1412754960\',\'steven\')','<b>主机标识：</b>KLJT_S13<br><b>地址：</b>116.213.213.197/10.22.213.197/<br><b>用途：</b>游戏服务器','steven',1419410410),(80,'INSERT INTO hosts VALUES (103,\'KLJT_S12\',\'5\',\'8\',\'6\',\'23004\',\'116.213.213.196\',\'\',\'\',\'公网\',\'10.22.213.196\',\'\',\'\',\'内网\',\'\',\'\',\'\',\'\',\'16\',\'8\',\'250\',\'20141008\',\'0\',\'\',\'共享\',\'游戏服务器\',\'2\',\'运营商\',\'CentOS6.5 64位\',\'\',\'1411986719\',\'1412754939\',\'steven\')','<b>主机标识：</b>KLJT_S12<br><b>地址：</b>116.213.213.196/10.22.213.196/<br><b>用途：</b>游戏服务器','steven',1419410490),(81,'INSERT INTO hosts VALUES (102,\'KLJT_S11\',\'5\',\'8\',\'6\',\'23004\',\'116.213.213.195\',\'\',\'\',\'公网\',\'10.22.213.195\',\'\',\'\',\'内网\',\'\',\'\',\'\',\'\',\'16\',\'8\',\'250\',\'20141008\',\'0\',\'\',\'共享\',\'游戏服务器\',\'2\',\'运营商\',\'CentOS6.5 64位\',\'\',\'1411986699\',\'1412754909\',\'steven\')','<b>主机标识：</b>KLJT_S11<br><b>地址：</b>116.213.213.195/10.22.213.195/<br><b>用途：</b>游戏服务器','steven',1419410523),(82,'INSERT INTO hosts VALUES (101,\'KLJT_S10\',\'5\',\'8\',\'6\',\'23004\',\'116.213.213.194\',\'\',\'\',\'公网\',\'10.22.213.194\',\'\',\'\',\'内网\',\'\',\'\',\'\',\'\',\'16\',\'8\',\'250\',\'20141008\',\'0\',\'\',\'共享\',\'游戏服务器\',\'2\',\'运营商\',\'CentOS6.5 64位\',\'\',\'1411986681\',\'1412754887\',\'steven\')','<b>主机标识：</b>KLJT_S10<br><b>地址：</b>116.213.213.194/10.22.213.194/<br><b>用途：</b>游戏服务器','steven',1419410562),(83,'INSERT INTO hosts VALUES (100,\'KLJT_S9\',\'5\',\'8\',\'6\',\'23004\',\'116.213.213.193\',\'\',\'\',\'公网\',\'10.22.213.193\',\'\',\'\',\'内网\',\'\',\'\',\'\',\'\',\'16\',\'8\',\'250\',\'20141008\',\'0\',\'\',\'共享\',\'游戏服务器\',\'2\',\'运营商\',\'CentOS6.5 64位\',\'\',\'1411986658\',\'1412754859\',\'steven\')','<b>主机标识：</b>KLJT_S9<br><b>地址：</b>116.213.213.193/10.22.213.193/<br><b>用途：</b>游戏服务器','steven',1419410570),(84,'INSERT INTO hosts VALUES (99,\'KLJT_S8\',\'5\',\'8\',\'6\',\'23004\',\'116.213.213.192\',\'\',\'\',\'公网\',\'10.22.213.192\',\'\',\'\',\'内网\',\'\',\'\',\'\',\'\',\'16\',\'8\',\'250\',\'20141008\',\'0\',\'\',\'共享\',\'游戏服务器\',\'2\',\'运营商\',\'CentOS6.5 64位\',\'\',\'1411986633\',\'1412754838\',\'steven\')','<b>主机标识：</b>KLJT_S8<br><b>地址：</b>116.213.213.192/10.22.213.192/<br><b>用途：</b>游戏服务器','steven',1419410616),(85,'INSERT INTO hosts VALUES (98,\'KLJT_S7\',\'5\',\'8\',\'6\',\'23004\',\'116.213.213.191\',\'\',\'\',\'公网\',\'10.22.213.191\',\'\',\'\',\'内网\',\'\',\'\',\'\',\'\',\'16\',\'8\',\'250\',\'20141008\',\'0\',\'\',\'共享\',\'游戏服务器\',\'2\',\'运营商\',\'CentOS6.5 64位\',\'\',\'1411986610\',\'1412754816\',\'steven\')','<b>主机标识：</b>KLJT_S7<br><b>地址：</b>116.213.213.191/10.22.213.191/<br><b>用途：</b>游戏服务器','steven',1419410628),(86,'INSERT INTO hosts VALUES (97,\'KLJT_S6\',\'5\',\'8\',\'6\',\'23004\',\'116.213.213.190\',\'\',\'\',\'公网\',\'10.22.213.190\',\'\',\'\',\'内网\',\'\',\'\',\'\',\'\',\'16\',\'8\',\'250\',\'20141008\',\'0\',\'\',\'共享\',\'游戏服务器\',\'2\',\'运营商\',\'CentOS6.5 64位\',\'\',\'1411986590\',\'1412754762\',\'steven\')','<b>主机标识：</b>KLJT_S6<br><b>地址：</b>116.213.213.190/10.22.213.190/<br><b>用途：</b>游戏服务器','steven',1419410639),(87,'INSERT INTO hosts VALUES (96,\'KLJT_S5\',\'5\',\'8\',\'6\',\'23004\',\'116.213.213.189\',\'\',\'\',\'公网\',\'10.22.213.189\',\'\',\'\',\'内网\',\'\',\'\',\'\',\'\',\'16\',\'8\',\'250\',\'20141008\',\'0\',\'\',\'共享\',\'游戏服务器\',\'2\',\'运营商\',\'CentOS6.5 64位\',\'\',\'1411986538\',\'1412754727\',\'steven\')','<b>主机标识：</b>KLJT_S5<br><b>地址：</b>116.213.213.189/10.22.213.189/<br><b>用途：</b>游戏服务器','steven',1419410781),(88,'INSERT INTO hosts VALUES (95,\'KLJT_S4\',\'5\',\'8\',\'6\',\'23004\',\'116.213.213.188\',\'\',\'\',\'公网\',\'10.22.213.188\',\'\',\'\',\'内网\',\'\',\'\',\'\',\'\',\'16\',\'8\',\'250\',\'20141008\',\'0\',\'\',\'共享\',\'游戏服务器\',\'2\',\'运营商\',\'CentOS6.5 64位\',\'\',\'1411986521\',\'1412754693\',\'steven\')','<b>主机标识：</b>KLJT_S4<br><b>地址：</b>116.213.213.188/10.22.213.188/<br><b>用途：</b>游戏服务器','steven',1419410996),(89,'INSERT INTO hosts VALUES (94,\'KLJT_S3\',\'5\',\'8\',\'6\',\'23004\',\'116.213.213.187\',\'\',\'\',\'公网\',\'10.22.213.187\',\'\',\'\',\'内网\',\'\',\'\',\'\',\'\',\'16\',\'8\',\'250\',\'20141008\',\'0\',\'\',\'共享\',\'游戏服务器\',\'2\',\'运营商\',\'CentOS6.5 64位\',\'\',\'1411986501\',\'1412754650\',\'steven\')','<b>主机标识：</b>KLJT_S3<br><b>地址：</b>116.213.213.187/10.22.213.187/<br><b>用途：</b>游戏服务器','steven',1419411032),(90,'INSERT INTO hosts VALUES (93,\'KLJT_S2\',\'5\',\'8\',\'6\',\'23004\',\'116.213.213.186\',\'\',\'\',\'公网\',\'10.22.213.186\',\'\',\'\',\'内网\',\'\',\'\',\'\',\'\',\'16\',\'8\',\'250\',\'20141008\',\'0\',\'\',\'共享\',\'游戏服务器\',\'2\',\'运营商\',\'CentOS6.5 64位\',\'\',\'1411986478\',\'1412754608\',\'steven\')','<b>主机标识：</b>KLJT_S2<br><b>地址：</b>116.213.213.186/10.22.213.186/<br><b>用途：</b>游戏服务器','steven',1419411063),(103,'INSERT INTO hosts VALUES (47,\'KLJsdd\',\'5\',\'8\',\'6\',\'23004\',\'210.73.215.14\',\'255.255.255.0\',\'210.73.215.1\',\'BGP\',\'10.22.215.14\',\'255.255.255.0\',\'\',\'内网\',\'\',\'\',\'\',\'\',\'8\',\'8\',\'300\',\'0\',\'0\',\'\',\'共享\',\'测试服\',\'1\',\'运营商\',\'CentOS6.5 64位\',\'\',\'1404887416\',\'1419415015\',\'steven\')','<b>主机标识：</b>KLJsdd<br><b>地址：</b>210.73.215.14/10.22.215.14/<br><b>用途：</b>测试服','steven',1419415027),(99,'INSERT INTO hosts VALUES (92,\'KLJT_S99 正式测试服\',\'5\',\'8\',\'6\',\'23004\',\'116.213.213.185\',\'\',\'\',\'公网\',\'10.22.213.185\',\'\',\'\',\'网关\',\'\',\'\',\'\',\'\',\'16\',\'8\',\'250\',\'20141008\',\'0\',\'\',\'共享\',\'游戏服务器\',\'1\',\'运营商\',\'CentOS6.5 64位\',\'\',\'1411986444\',\'1413978474\',\'steven\')','<b>主机标识：</b>KLJT_S99 正式测试服<br><b>地址：</b>116.213.213.185/10.22.213.185/<br><b>用途：</b>游戏服务器','steven',1419411530),(100,'INSERT INTO hosts VALUES (91,\'KLJT_OPTSERVER\',\'5\',\'8\',\'6\',\'23004\',\'116.213.213.206\',\'\',\'\',\'公网\',\'10.22.213.206\',\'\',\'\',\'内网\',\'\',\'\',\'\',\'\',\'16\',\'8\',\'500\',\'20140929\',\'0\',\'\',\'共享\',\'运营 日志中心 后台\',\'1\',\'运营商\',\'CentOS6.5 64位\',\'\',\'1411986355\',\'1411987687\',\'steven\')','<b>主机标识：</b>KLJT_OPTSERVER<br><b>地址：</b>116.213.213.206/10.22.213.206/<br><b>用途：</b>运营 日志中心 后台','steven',1419411550),(101,'INSERT INTO hosts VALUES (90,\'KLJT_KSERVER大幅度\',\'5\',\'8\',\'6\',\'23004\',\'116.213.213.207\',\'\',\'\',\'公网\',\'10.22.213.207\',\'\',\'\',\'内网\',\'\',\'\',\'\',\'\',\'24\',\'16\',\'500\',\'20140929\',\'0\',\'\',\'共享\',\'跨服 配置 静态数据 消息转发\',\'1\',\'运营商\',\'CentOS6.5 64位\',\'\',\'1411986326\',\'1419411556\',\'steven\')','<b>主机标识：</b>KLJT_KSERVER大幅度<br><b>地址：</b>116.213.213.207/10.22.213.207/<br><b>用途：</b>跨服 配置 静态数据 消息转发','steven',1419411569),(102,'INSERT INTO hosts VALUES (89,\'KLJT_aad\',\'4\',\'8\',\'6\',\'23004\',\'116.213.213.205\',\'\',\'\',\'公网\',\'10.22.213.205\',\'\',\'\',\'内网\',\'\',\'\',\'\',\'\',\'16\',\'8\',\'500\',\'20140929\',\'0\',\'\',\'共享\',\'账户、登录、充值\',\'1\',\'运营商\',\'CentOS6.5 64位\',\'\',\'1411986262\',\'1419414461\',\'steven\')','<b>主机标识：</b>KLJT_aad<br><b>地址：</b>116.213.213.205/10.22.213.205/<br><b>用途：</b>账户、登录、充值','steven',1419415024),(104,'INSERT INTO project VALUE (8, \'昆仑简体\', \'大陆地区运营\')','<b>项目：</b>昆仑简体','steven',1419415035),(105,'INSERT INTO hosts VALUES (54,\'JY_S1\',\'3\',\'5\',\'4\',\'23004\',\'112.124.43.173\',\'\',\'\',\'公网\',\'10.160.34.143\',\'\',\'\',\'内网\',\'\',\'\',\'\',\'\',\'16\',\'8\',\'100\',\'20141010\',\'0\',\'\',\'5\',\'云2游戏服务器\',\'4\',\'广州简逸网络科技有限公司\',\'CentOS6.3 64位\',\'\',\'1409126767\',\'1418283946\',\'steven\')','<b>主机标识：</b>JY_S1<br><b>地址：</b>112.124.43.173/10.160.34.143/<br><b>用途：</b>云2游戏服务器','steven',1421305767),(106,'INSERT INTO hosts VALUES (113,\'JY_S50\',\'3\',\'5\',\'4\',\'23004\',\'115.29.163.181\',\'\',\'\',\'BGP\',\'10.161.131.254\',\'\',\'\',\'内网\',\'\',\'\',\'\',\'\',\'16\',\'8\',\'100\',\'20141021\',\'0\',\'\',\'5\',\'云47游戏服务器\',\'2\',\'广州简逸网络科技有限公司\',\'CentOS6.5 64位\',\'\',\'1413444909\',\'1417674714\',\'steven\')','<b>主机标识：</b>JY_S50<br><b>地址：</b>115.29.163.181/10.161.131.254/<br><b>用途：</b>云47游戏服务器','steven',1421306675),(107,'INSERT INTO hosts VALUES (61,\'JY_S31\',\'3\',\'5\',\'4\',\'23004\',\'115.29.244.240\',\'\',\'\',\'公网\',\'10.162.48.49\',\'\',\'\',\'内网\',\'\',\'\',\'\',\'\',\'16\',\'8\',\'100\',\'0\',\'0\',\'\',\'5\',\'云36游戏服务器\',\'2\',\'广州简逸网络科技有限公司\',\'CentOS6.3 64位\',\'\',\'1409127830\',\'1418284093\',\'steven\')','<b>主机标识：</b>JY_S31<br><b>地址：</b>115.29.244.240/10.162.48.49/<br><b>用途：</b>云36游戏服务器','steven',1421306710),(108,'INSERT INTO hosts VALUES (57,\'JY_S15\',\'3\',\'5\',\'4\',\'23004\',\'115.29.166.222\',\'\',\'\',\'公网\',\'10.161.134.206\',\'\',\'\',\'内网\',\'\',\'\',\'\',\'\',\'16\',\'8\',\'100\',\'0\',\'0\',\'\',\'5\',\'云18 游戏服务器\',\'2\',\'广州简逸网络科技有限公司\',\'CentOS6.3 64位\',\'\',\'1409127477\',\'1418284009\',\'steven\')','<b>主机标识：</b>JY_S15<br><b>地址：</b>115.29.166.222/10.161.134.206/<br><b>用途：</b>云18 游戏服务器','steven',1421306728),(109,'INSERT INTO hosts VALUES (139,\'QQ_S1\',\'1\',\'10\',\'8\',\'23004\',\'119.29.12.41\',\'\',\'\',\'公网\',\'10.104.6.221\',\'\',\'\',\'内网\',\'\',\'\',\'\',\'\',\'16\',\'8\',\'250\',\'0\',\'0\',\'\',\'共享\',\'游戏服务器\',\'5\',\'运营商\',\'CentOS6.3 64位\',\'\',\'1419839031\',\'1422437715\',\'steven\')','<b>主机标识：</b>QQ_S1<br><b>地址：</b>119.29.12.41/10.104.6.221/<br><b>用途：</b>游戏服务器','steven',1422437734),(110,'INSERT INTO hosts VALUES (74,\'JY_TS 提审\',\'3\',\'5\',\'4\',\'23004\',\'115.29.163.99\',\'\',\'\',\'\',\'10.161.131.195\',\'\',\'\',\'\',\'\',\'\',\'\',\'\',\'24\',\'8\',\'100\',\'0\',\'0\',\'\',\'1\',\'云12 提审服\',\'1\',\'广州简逸网络科技有限公司\',\'CentOS6.3 64位\',\'\',\'1409192966\',\'1409194601\',\'steven\')','<b>主机标识：</b>JY_TS 提审<br><b>地址：</b>115.29.163.99/10.161.131.195/<br><b>用途：</b>云12 提审服','steven',1423282847),(111,'INSERT INTO hosts VALUES (120,\'JY_KSERVER2\',\'3\',\'5\',\'4\',\'23004\',\'121.40.174.158\',\'\',\'\',\'公网\',\'10.168.48.230\',\'\',\'\',\'内网\',\'\',\'\',\'\',\'\',\'16\',\'8\',\'100\',\'0\',\'0\',\'\',\'1\',\'云53 跨服2\',\'1\',\'广州简逸网络科技有限公司\',\'CentOS6.3 64位\',\'\',\'1415089531\',\'1419409969\',\'steven\')','<b>主机标识：</b>JY_KSERVER2<br><b>地址：</b>121.40.174.158/10.168.48.230/<br><b>用途：</b>云53 跨服2','steven',1423444889),(112,'INSERT INTO hosts VALUES (48,\'KLFT_S2\',\'4\',\'7\',\'5\',\'23004\',\'203.75.148.102\',\'\',\'\',\'海外\',\'10.22.148.102\',\'\',\'\',\'内网\',\'\',\'\',\'\',\'\',\'24\',\'16\',\'500\',\'20140825\',\'0\',\'\',\'共享\',\'游戏服务器\',\'2\',\'运营商\',\'CentOS6.5 64位\',\'\',\'1408940883\',\'1423023009\',\'steven\')','<b>主机标识：</b>KLFT_S2<br><b>地址：</b>203.75.148.102/10.22.148.102/<br><b>用途：</b>游戏服务器','steven',1423466829),(113,'INSERT INTO hosts VALUES (49,\'KLFT_S17\',\'4\',\'7\',\'5\',\'23004\',\'203.75.148.103\',\'\',\'\',\'海外\',\'10.22.148.103\',\'\',\'\',\'内网\',\'\',\'\',\'\',\'\',\'24\',\'16\',\'500\',\'20140825\',\'0\',\'\',\'共享\',\'游戏服务器\',\'2\',\'运营商\',\'CentOS6.5 64位\',\'\',\'1408940925\',\'1420601848\',\'steven\')','<b>主机标识：</b>KLFT_S17<br><b>地址：</b>203.75.148.103/10.22.148.103/<br><b>用途：</b>游戏服务器','steven',1423466845),(114,'INSERT INTO hosts VALUES (119,\'JY_L14\',\'1\',\'5\',\'4\',\'23004\',\'112.124.118.58\',\'\',\'\',\'公网\',\'10.162.71.115\',\'\',\'\',\'内网\',\'\',\'\',\'\',\'\',\'16\',\'8\',\'100\',\'20141030\',\'0\',\'\',\'5\',\'云39 游戏服务器\',\'2\',\'广州简逸网络科技有限公司\',\'CentOS6.5 64位\',\'\',\'1414663844\',\'1423124497\',\'steven\')','<b>主机标识：</b>JY_L14<br><b>地址：</b>112.124.118.58/10.162.71.115/<br><b>用途：</b>云39 游戏服务器','steven',1423789539),(115,'INSERT INTO hosts VALUES (140,\'JY_\',\'3\',\'5\',\'4\',\'23004\',\'115.29.220.14\',\'\',\'\',\'公网\',\'10.161.159.117\',\'\',\'\',\'内网\',\'\',\'\',\'\',\'\',\'16\',\'8\',\'100\',\'0\',\'0\',\'\',\'共享\',\'云55 游戏服务器\',\'2\',\'广州简逸网络科技有限公司\',\'CentOS6.5 64位\',\'\',\'1419905757\',\'1425538861\',\'steven\')','<b>主机标识：</b>JY_<br><b>地址：</b>115.29.220.14/10.161.159.117/<br><b>用途：</b>云55 游戏服务器','steven',1427700906),(116,'INSERT INTO hosts VALUES (62,\'JY_L13 霸王营\',\'3\',\'5\',\'4\',\'23004\',\'112.124.54.130\',\'\',\'\',\'公网\',\'10.160.34.180\',\'\',\'\',\'内网\',\'\',\'\',\'\',\'\',\'16\',\'8\',\'100\',\'20141010\',\'0\',\'\',\'5\',\'云4游戏服务器\',\'2\',\'广州简逸网络科技有限公司\',\'CentOS6.3 64位\',\'\',\'1409127889\',\'1426143860\',\'steven\')','<b>主机标识：</b>JY_L13 霸王营<br><b>地址：</b>112.124.54.130/10.160.34.180/<br><b>用途：</b>云4游戏服务器','steven',1427700934),(117,'INSERT INTO hosts VALUES (42,\'KLFT_S11\',\'4\',\'7\',\'5\',\'23004\',\'211.72.246.119\',\'255.255.255.0\',\'211.72.246.1\',\'海外\',\'10.22.246.119\',\'255.255.255.0\',\'\',\'内网\',\'\',\'\',\'\',\'\',\'24\',\'16\',\'600\',\'0\',\'0\',\'\',\'共享\',\'游戏服务器\',\'2\',\'运营商\',\'CentOS6.5 64位\',\'\',\'1404460751\',\'1419392746\',\'steven\')','<b>主机标识：</b>KLFT_S11<br><b>地址：</b>211.72.246.119/10.22.246.119/<br><b>用途：</b>游戏服务器','steven',1429082520),(118,'INSERT INTO hosts VALUES (44,\'KLFT_L1\',\'4\',\'7\',\'5\',\'23004\',\'211.72.246.152\',\'255.255.255.0\',\'211.72.246.1\',\'海外\',\'10.22.246.152\',\'255.255.255.0\',\'\',\'内网\',\'\',\'\',\'\',\'\',\'24\',\'16\',\'600\',\'0\',\'0\',\'\',\'共享\',\'游戏服务器\',\'2\',\'运营商\',\'CentOS6.5 64位\',\'\',\'1404467950\',\'1415857781\',\'steven\')','<b>主机标识：</b>KLFT_L1<br><b>地址：</b>211.72.246.152/10.22.246.152/<br><b>用途：</b>游戏服务器','steven',1429082522),(119,'INSERT INTO hosts VALUES (80,\'KLFT_S8\',\'4\',\'7\',\'5\',\'23004\',\'203.75.148.199\',\'\',\'\',\'海外\',\'10.22.148.199\',\'\',\'\',\'内网\',\'\',\'\',\'\',\'\',\'16\',\'8\',\'500\',\'20140905\',\'0\',\'\',\'共享\',\'游戏服务器\',\'2\',\'广州简逸网络科技有限公司\',\'CentOS6.5 64位\',\'\',\'1409898756\',\'1423620789\',\'steven\')','<b>主机标识：</b>KLFT_S8<br><b>地址：</b>203.75.148.199/10.22.148.199/<br><b>用途：</b>游戏服务器','steven',1429082524),(120,'INSERT INTO hosts VALUES (84,\'KLFT_S12\',\'4\',\'7\',\'5\',\'23004\',\'203.69.146.29\',\'\',\'\',\'海外\',\'10.22.146.29\',\'\',\'\',\'内网\',\'\',\'\',\'\',\'\',\'16\',\'8\',\'250\',\'20140912\',\'0\',\'\',\'共享\',\'游戏服务器\',\'2\',\'运营商\',\'CentOS6.5 64位\',\'\',\'1410490540\',\'1415857735\',\'steven\')','<b>主机标识：</b>KLFT_S12<br><b>地址：</b>203.69.146.29/10.22.146.29/<br><b>用途：</b>游戏服务器','steven',1429082527),(121,'INSERT INTO hosts VALUES (85,\'KLFT_S13\',\'4\',\'7\',\'5\',\'23004\',\'203.69.146.47\',\'\',\'\',\'海外\',\'10.22.146.47\',\'\',\'\',\'内网\',\'\',\'\',\'\',\'\',\'16\',\'8\',\'250\',\'20140912\',\'0\',\'\',\'共享\',\'游戏服务器\',\'2\',\'运营商\',\'CentOS6.5 64位\',\'\',\'1410490568\',\'1423620805\',\'steven\')','<b>主机标识：</b>KLFT_S13<br><b>地址：</b>203.69.146.47/10.22.146.47/<br><b>用途：</b>游戏服务器','steven',1429082529),(122,'INSERT INTO hosts VALUES (86,\'KLFT_S14\',\'4\',\'7\',\'5\',\'23004\',\'203.69.146.142\',\'\',\'\',\'海外\',\'10.22.146.142\',\'\',\'\',\'内网\',\'\',\'\',\'\',\'\',\'16\',\'8\',\'250\',\'20140912\',\'0\',\'\',\'共享\',\'游戏服务器\',\'2\',\'运营商\',\'CentOS6.5 64位\',\'\',\'1410490587\',\'1419392708\',\'steven\')','<b>主机标识：</b>KLFT_S14<br><b>地址：</b>203.69.146.142/10.22.146.142/<br><b>用途：</b>游戏服务器','steven',1429082534),(123,'INSERT INTO hosts VALUES (88,\'KLFT_S16\',\'4\',\'7\',\'5\',\'23004\',\'203.69.146.144\',\'\',\'\',\'海外\',\'10.22.146.144\',\'\',\'\',\'内网\',\'\',\'\',\'\',\'\',\'16\',\'8\',\'250\',\'20140912\',\'0\',\'\',\'共享\',\'游戏服务器\',\'2\',\'运营商\',\'CentOS6.5 64位\',\'\',\'1410490618\',\'1420601858\',\'steven\')','<b>主机标识：</b>KLFT_S16<br><b>地址：</b>203.69.146.144/10.22.146.144/<br><b>用途：</b>游戏服务器','steven',1429082536),(124,'INSERT INTO hosts VALUES (126,\'KLHF_S7\',\'6\',\'9\',\'7\',\'23004\',\'121.78.63.65\',\'\',\'\',\'公网\',\'10.22.63.65\',\'\',\'\',\'内网\',\'\',\'\',\'\',\'\',\'0\',\'0\',\'0\',\'0\',\'0\',\'\',\'共享\',\'游戏服务器\',\'2\',\'运营商\',\'CentOS6.5 64位\',\'\',\'1416454450\',\'1417767530\',\'steven\')','<b>主机标识：</b>KLHF_S7<br><b>地址：</b>121.78.63.65/10.22.63.65/<br><b>用途：</b>游戏服务器','steven',1430119863),(125,'INSERT INTO hosts VALUES (129,\'KLHF_S6\',\'6\',\'9\',\'7\',\'23004\',\'121.78.63.68\',\'\',\'\',\'公网\',\'10.22.63.68\',\'\',\'\',\'内网\',\'\',\'\',\'\',\'\',\'0\',\'0\',\'0\',\'0\',\'0\',\'\',\'共享\',\'游戏服务器\',\'2\',\'运营商\',\'CentOS6.5 64位\',\'\',\'1416454545\',\'1416461781\',\'steven\')','<b>主机标识：</b>KLHF_S6<br><b>地址：</b>121.78.63.68/10.22.63.68/<br><b>用途：</b>游戏服务器','steven',1430119868),(126,'INSERT INTO hosts VALUES (128,\'KLHF_S5\',\'6\',\'9\',\'7\',\'23004\',\'121.78.63.67\',\'\',\'\',\'公网\',\'10.22.63.67\',\'\',\'\',\'内网\',\'\',\'\',\'\',\'\',\'0\',\'0\',\'0\',\'0\',\'0\',\'\',\'共享\',\'游戏服务器\',\'2\',\'运营商\',\'CentOS6.5 64位\',\'\',\'1416454514\',\'1416461777\',\'steven\')','<b>主机标识：</b>KLHF_S5<br><b>地址：</b>121.78.63.67/10.22.63.67/<br><b>用途：</b>游戏服务器','steven',1430119871),(127,'INSERT INTO hosts VALUES (127,\'KLHF_S8\',\'6\',\'9\',\'7\',\'23004\',\'121.78.63.66\',\'\',\'\',\'公网\',\'10.22.63.66\',\'\',\'\',\'内网\',\'\',\'\',\'\',\'\',\'0\',\'0\',\'0\',\'0\',\'0\',\'\',\'共享\',\'游戏服务器\',\'2\',\'运营商\',\'CentOS6.5 64位\',\'\',\'1416454482\',\'1417767538\',\'steven\')','<b>主机标识：</b>KLHF_S8<br><b>地址：</b>121.78.63.66/10.22.63.66/<br><b>用途：</b>游戏服务器','steven',1430119873),(128,'INSERT INTO hosts VALUES (125,\'KLHF_S2\',\'6\',\'9\',\'7\',\'23004\',\'121.78.63.143\',\'\',\'\',\'公网\',\'10.22.63.143\',\'\',\'\',\'内网\',\'\',\'\',\'\',\'\',\'32\',\'16\',\'1024\',\'0\',\'0\',\'\',\'共享\',\'游戏服务器\',\'1\',\'运营商\',\'CentOS6.5 64位\',\'\',\'1416452711\',\'1420452317\',\'steven\')','<b>主机标识：</b>KLHF_S2<br><b>地址：</b>121.78.63.143/10.22.63.143/<br><b>用途：</b>游戏服务器','steven',1430119886),(129,'INSERT INTO hosts VALUES (132,\'KLHF_S4\',\'6\',\'9\',\'7\',\'23004\',\'121.78.63.72\',\'\',\'\',\'公网\',\'10.22.63.72\',\'\',\'\',\'内网\',\'\',\'\',\'\',\'\',\'16\',\'8\',\'0\',\'0\',\'0\',\'\',\'共享\',\'游戏服务器\',\'1\',\'运营商\',\'CentOS6.5 64位\',\'\',\'1417768081\',\'1421808383\',\'steven\')','<b>主机标识：</b>KLHF_S4<br><b>地址：</b>121.78.63.72/10.22.63.72/<br><b>用途：</b>游戏服务器','steven',1430119890),(130,'INSERT INTO hosts VALUES (131,\'KLHF_S3\',\'6\',\'9\',\'7\',\'23004\',\'121.78.63.71\',\'\',\'\',\'公网\',\'10.22.63.71\',\'\',\'\',\'内网\',\'\',\'\',\'\',\'\',\'16\',\'8\',\'0\',\'0\',\'0\',\'\',\'共享\',\'游戏服务器\',\'1\',\'运营商\',\'CentOS6.5 64位\',\'\',\'1417768044\',\'1420452327\',\'steven\')','<b>主机标识：</b>KLHF_S3<br><b>地址：</b>121.78.63.71/10.22.63.71/<br><b>用途：</b>游戏服务器','steven',1430119891),(131,'INSERT INTO hosts VALUES (68,\'JY_L9 狂风扫\',\'3\',\'5\',\'4\',\'23004\',\'121.199.65.62\',\'\',\'\',\'公网\',\'10.132.67.117\',\'\',\'\',\'内网\',\'\',\'\',\'\',\'\',\'16\',\'8\',\'100\',\'0\',\'0\',\'\',\'5\',\'云38 游戏服务器\',\'2\',\'广州简逸网络科技有限公司\',\'CentOS6.3 64位\',\'\',\'1409128230\',\'1429777215\',\'steven\')','<b>主机标识：</b>JY_L9 狂风扫<br><b>地址：</b>121.199.65.62/10.132.67.117/<br><b>用途：</b>云38 游戏服务器','steven',1433407312),(137,'INSERT INTO hosts VALUES (115,\'JY_勇者16服\',\'3\',\'5\',\'4\',\'23004\',\'121.40.95.138\',\'\',\'\',\'公网\',\'10.171.228.19\',\'\',\'\',\'内网\',\'\',\'\',\'\',\'\',\'16\',\'8\',\'100\',\'0\',\'0\',\'\',\'5\',\'云49 游戏服务器\',\'2\',\'广州简逸网络科技有限公司\',\'CentOS6.5 64位\',\'\',\'1414035653\',\'1434610923\',\'steven\')','<b>主机标识：</b>JY_勇者16服<br><b>地址：</b>121.40.95.138/10.171.228.19/<br><b>用途：</b>云49 游戏服务器','steven',1437118323),(133,'INSERT INTO hosts VALUES (53,\'KLFT_S198 A2 测试 提审\',\'4\',\'7\',\'5\',\'23004\',\'203.69.146.213\',\'\',\'\',\'海外\',\'10.22.146.213\',\'\',\'\',\'内网\',\'\',\'\',\'\',\'\',\'8\',\'4\',\'200\',\'20140825\',\'0\',\'\',\'共享\',\'更新测试服 提审服 198\',\'1\',\'运营商\',\'CentOS6.5 64位\',\'\',\'1408963692\',\'1411871647\',\'steven\')','<b>主机标识：</b>KLFT_S198 A2 测试 提审<br><b>地址：</b>203.69.146.213/10.22.146.213/<br><b>用途：</b>更新测试服 提审服 198','steven',1436345495),(134,'INSERT INTO hosts VALUES (52,\'KLFT_S1 惡魔盛宴 勇者誓約\',\'4\',\'7\',\'5\',\'23004\',\'203.75.148.159\',\'\',\'\',\'海外\',\'10.22.148.159\',\'\',\'\',\'内网\',\'\',\'\',\'\',\'\',\'24\',\'16\',\'500\',\'20140825\',\'0\',\'\',\'共享\',\'游戏服务器\',\'1\',\'运营商\',\'CentOS6.5 64位\',\'\',\'1408940983\',\'1415857794\',\'steven\')','<b>主机标识：</b>KLFT_S1 惡魔盛宴 勇者誓約<br><b>地址：</b>203.75.148.159/10.22.148.159/<br><b>用途：</b>游戏服务器','steven',1436345497),(135,'INSERT INTO hosts VALUES (51,\'KLFT_S5 劍刃風暴 王者降臨 時空記憶\',\'4\',\'7\',\'5\',\'23004\',\'203.75.148.109\',\'\',\'\',\'海外\',\'10.22.148.109\',\'\',\'\',\'内网\',\'\',\'\',\'\',\'\',\'24\',\'16\',\'500\',\'20140825\',\'0\',\'\',\'共享\',\'游戏服务器\',\'1\',\'运营商\',\'CentOS6.5 64位\',\'\',\'1408940967\',\'1413356788\',\'steven\')','<b>主机标识：</b>KLFT_S5 劍刃風暴 王者降臨 時空記憶<br><b>地址：</b>203.75.148.109/10.22.148.109/<br><b>用途：</b>游戏服务器','steven',1436345500),(136,'INSERT INTO hosts VALUES (50,\'KLFT_S18 冰封王座\',\'4\',\'7\',\'5\',\'23004\',\'203.75.148.108\',\'\',\'\',\'海外\',\'10.22.148.108\',\'\',\'\',\'内网\',\'\',\'\',\'\',\'\',\'24\',\'16\',\'500\',\'20140825\',\'0\',\'\',\'共享\',\'游戏服务器\',\'1\',\'运营商\',\'CentOS6.5 64位\',\'\',\'1408940948\',\'1421310027\',\'steven\')','<b>主机标识：</b>KLFT_S18 冰封王座<br><b>地址：</b>203.75.148.108/10.22.148.108/<br><b>用途：</b>游戏服务器','steven',1436345515),(138,'INSERT INTO hosts VALUES (141,\'JY_勇者13服\',\'3\',\'5\',\'4\',\'23004\',\'121.41.77.167\',\'\',\'\',\'公网\',\'10.169.11.13\',\'\',\'\',\'内网\',\'\',\'\',\'\',\'\',\'16\',\'8\',\'100\',\'0\',\'0\',\'\',\'5\',\'云56 游戏服务器\',\'2\',\'广州简逸网络科技有限公司\',\'CentOS6.5 64位\',\'\',\'1420618991\',\'1434006288\',\'steven\')','<b>主机标识：</b>JY_勇者13服<br><b>地址：</b>121.41.77.167/10.169.11.13/<br><b>用途：</b>云56 游戏服务器','steven',1437118326),(139,'INSERT INTO hosts VALUES (114,\'KLHF_CESHI\',\'6\',\'9\',\'7\',\'23004\',\'121.78.63.10\',\'\',\'\',\'公网\',\'10.22.63.10\',\'\',\'\',\'内网\',\'\',\'\',\'\',\'\',\'12\',\'8\',\'250\',\'20141017\',\'0\',\'\',\'共享\',\'测试服\',\'1\',\'运营商\',\'CentOS6.5 64位\',\'\',\'1413531390\',\'1413531481\',\'steven\')','<b>主机标识：</b>KLHF_CESHI<br><b>地址：</b>121.78.63.10/10.22.63.10/<br><b>用途：</b>测试服','steven',1437374420),(140,'INSERT INTO hosts VALUES (76,\'JY_勇者6服\',\'3\',\'5\',\'4\',\'23004\',\'218.244.144.118\',\'\',\'\',\'公网\',\'10.162.107.64\',\'\',\'\',\'内网\',\'\',\'\',\'\',\'\',\'16\',\'8\',\'100\',\'0\',\'0\',\'\',\'5\',\'云50游戏服务器\',\'2\',\'广州简逸网络科技有限公司\',\'CentOS6.5 64位\',\'\',\'1409213108\',\'1437118358\',\'steven\')','<b>主机标识：</b>JY_勇者6服<br><b>地址：</b>218.244.144.118/10.162.107.64/<br><b>用途：</b>云50游戏服务器','steven',1438236630),(141,'INSERT INTO hosts VALUES (149,\'JY_勇者15服\',\'3\',\'5\',\'4\',\'23004\',\'112.124.34.154\',\'\',\'\',\'公网\',\'10.160.34.61\',\'\',\'\',\'内网\',\'\',\'\',\'\',\'\',\'16\',\'8\',\'100\',\'0\',\'0\',\'\',\'共享\',\'云57 游戏服务器\',\'2\',\'广州简逸网络科技有限公司\',\'CentOS6.5 64位\',\'\',\'1429523479\',\'1439449206\',\'steven\')','<b>主机标识：</b>JY_勇者15服<br><b>地址：</b>112.124.34.154/10.160.34.61/<br><b>用途：</b>云57 游戏服务器','steven',1440678963),(142,'INSERT INTO hosts VALUES (64,\'JY_L4八神卦\',\'3\',\'5\',\'4\',\'23004\',\'121.196.129.101\',\'\',\'\',\'公网\',\'10.128.3.198\',\'\',\'\',\'内网\',\'\',\'\',\'\',\'\',\'16\',\'8\',\'100\',\'0\',\'0\',\'\',\'5\',\'云44游戏服务器\',\'1\',\'广州简逸网络科技有限公司\',\'CentOS6.3 64位\',\'\',\'1409128017\',\'1423124514\',\'steven\')','<b>主机标识：</b>JY_L4八神卦<br><b>地址：</b>121.196.129.101/10.128.3.198/<br><b>用途：</b>云44游戏服务器','steven',1441520559),(143,'INSERT INTO hosts VALUES (142,\'QQ_S2\',\'1\',\'10\',\'8\',\'23004\',\'119.29.62.109\',\'\',\'\',\'公网\',\'10.251.98.39\',\'\',\'\',\'内网\',\'\',\'\',\'\',\'\',\'16\',\'8\',\'250\',\'0\',\'0\',\'\',\'5\',\'游戏服务器\',\'1\',\'运营商\',\'CentOS6.5 64位\',\'\',\'1421387190\',\'1421387237\',\'steven\')','<b>主机标识：</b>QQ_S2<br><b>地址：</b>119.29.62.109/10.251.98.39/<br><b>用途：</b>游戏服务器','steven',1441941534),(144,'INSERT INTO hosts VALUES (130,\'QQ_TEST1\',\'7\',\'10\',\'8\',\'23004\',\'182.254.226.183\',\'\',\'\',\'\',\'10.249.162.2\',\'\',\'\',\'\',\'\',\'\',\'\',\'\',\'0\',\'0\',\'0\',\'0\',\'0\',\'\',\'\',\'游戏服务器\',\'1\',\'运营商\',\'\',\'\',\'1417501176\',\'0\',\'steven\')','<b>主机标识：</b>QQ_TEST1<br><b>地址：</b>182.254.226.183/10.249.162.2/<br><b>用途：</b>游戏服务器','steven',1441941537),(145,'INSERT INTO hosts VALUES (118,\'QQ_KSERVER\',\'7\',\'10\',\'8\',\'0\',\'182.254.180.189\',\'\',\'\',\'公网\',\'10.225.40.87\',\'\',\'\',\'内网\',\'\',\'\',\'\',\'\',\'24\',\'12\',\'300\',\'20141023\',\'0\',\'\',\'5\',\'跨服 配置 静态数据 消息转发\',\'1\',\'运营商\',\'CentOS6.3 64位\',\'\',\'1414046852\',\'1414046888\',\'steven\')','<b>主机标识：</b>QQ_KSERVER<br><b>地址：</b>182.254.180.189/10.225.40.87/<br><b>用途：</b>跨服 配置 静态数据 消息转发','steven',1441941539),(146,'INSERT INTO hosts VALUES (117,\'QQ_OPTSERVER\',\'7\',\'10\',\'8\',\'0\',\'182.254.230.189\',\'\',\'\',\'公网\',\'10.249.145.227\',\'\',\'\',\'内网\',\'\',\'\',\'\',\'\',\'24\',\'8\',\'500\',\'20141023\',\'0\',\'\',\'5\',\'运营 日志中心 后台\',\'1\',\'运营商\',\'CentOS6.3 64位\',\'\',\'1414046788\',\'1414046912\',\'steven\')','<b>主机标识：</b>QQ_OPTSERVER<br><b>地址：</b>182.254.230.189/10.249.145.227/<br><b>用途：</b>运营 日志中心 后台','steven',1441941541),(147,'INSERT INTO hosts VALUES (75,\'JY_S201 更新测试服\',\'3\',\'5\',\'4\',\'23004\',\'112.124.59.159\',\'\',\'\',\'公网\',\'10.160.53.219\',\'\',\'\',\'内网\',\'\',\'\',\'\',\'\',\'0\',\'0\',\'0\',\'0\',\'0\',\'\',\'5\',\'云24更新测试服\',\'1\',\'广州简逸网络科技有限公司\',\'CentOS6.3 64位\',\'\',\'1409193054\',\'1421308053\',\'steven\')','<b>主机标识：</b>JY_S201 更新测试服<br><b>地址：</b>112.124.59.159/10.160.53.219/<br><b>用途：</b>云24更新测试服','steven',1441942795),(148,'INSERT INTO hosts VALUES (159,\'MT_S4势不可挡\',\'7\',\'12\',\'9\',\'23004\',\'112.74.205.26\',\'\',\'\',\'公网\',\'10.173.189.213\',\'\',\'\',\'内网\',\'\',\'\',\'\',\'\',\'8\',\'8\',\'300\',\'0\',\'0\',\'\',\'共享\',\'游戏服务器\',\'2\',\'运营商\',\'CentOS6.5 64位\',\'\',\'1438568766\',\'1444199710\',\'steven\')','<b>主机标识：</b>MT_S4势不可挡<br><b>地址：</b>112.74.205.26/10.173.189.213/<br><b>用途：</b>游戏服务器','steven',1445238524),(149,'INSERT INTO hosts VALUES (158,\'MT_S9金蝉脱壳\',\'7\',\'12\',\'9\',\'23004\',\'112.74.196.122\',\'\',\'\',\'公网\',\'10.45.163.84\',\'\',\'\',\'内网\',\'\',\'\',\'\',\'\',\'8\',\'8\',\'300\',\'0\',\'0\',\'\',\'共享\',\'游戏服务器\',\'1\',\'运营商\',\'CentOS6.5 64位\',\'\',\'1436780340\',\'1441879570\',\'steven\')','<b>主机标识：</b>MT_S9金蝉脱壳<br><b>地址：</b>112.74.196.122/10.45.163.84/<br><b>用途：</b>游戏服务器','steven',1445238529),(150,'INSERT INTO hosts VALUES (69,\'JY_YZ 勇者21服\',\'3\',\'5\',\'4\',\'23004\',\'218.244.150.185\',\'\',\'\',\'公网\',\'10.162.93.48\',\'\',\'\',\'内网\',\'\',\'\',\'\',\'\',\'16\',\'8\',\'100\',\'0\',\'0\',\'\',\'5\',\'云30游戏服务器\',\'1\',\'广州简逸网络科技有限公司\',\'CentOS6.3 64位\',\'\',\'1409128411\',\'1440678974\',\'steven\')','<b>主机标识：</b>JY_YZ 勇者21服<br><b>地址：</b>218.244.150.185/10.162.93.48/<br><b>用途：</b>云30游戏服务器','steven',1446015031),(151,'INSERT INTO hosts VALUES (56,\'JY_\',\'3\',\'5\',\'4\',\'23004\',\'112.124.60.184\',\'\',\'\',\'公网\',\'10.160.60.3\',\'\',\'\',\'内网\',\'\',\'\',\'\',\'\',\'16\',\'8\',\'100\',\'0\',\'0\',\'\',\'5\',\'云20游戏服务器\',\'2\',\'广州简逸网络科技有限公司\',\'CentOS6.3 64位\',\'\',\'1409127384\',\'1442480100\',\'steven\')','<b>主机标识：</b>JY_<br><b>地址：</b>112.124.60.184/10.160.60.3/<br><b>用途：</b>云20游戏服务器','steven',1446086611),(152,'INSERT INTO hosts VALUES (124,\'KLHF_S1\',\'6\',\'9\',\'7\',\'23004\',\'121.78.63.142\',\'\',\'\',\'公网\',\'10.22.63.142\',\'\',\'\',\'内网\',\'\',\'\',\'\',\'\',\'32\',\'16\',\'1024\',\'0\',\'0\',\'\',\'共享\',\'游戏服务器\',\'1\',\'运营商\',\'CentOS6.5 64位\',\'\',\'1416452604\',\'1418719725\',\'steven\')','<b>主机标识：</b>KLHF_S1<br><b>地址：</b>121.78.63.142/10.22.63.142/<br><b>用途：</b>游戏服务器','steven',1450422102),(153,'INSERT INTO hosts VALUES (123,\'KLHF_KSERVER\',\'6\',\'9\',\'7\',\'23004\',\'121.78.63.136\',\'\',\'\',\'公网\',\'10.22.63.136\',\'\',\'\',\'内网\',\'\',\'\',\'\',\'\',\'32\',\'16\',\'1024\',\'0\',\'0\',\'\',\'共享\',\'跨服 配置 静态数据 消息转发\',\'1\',\'运营商\',\'CentOS6.5 64位\',\'\',\'1416452524\',\'1416452774\',\'steven\')','<b>主机标识：</b>KLHF_KSERVER<br><b>地址：</b>121.78.63.136/10.22.63.136/<br><b>用途：</b>跨服 配置 静态数据 消息转发','steven',1450422104),(154,'INSERT INTO hosts VALUES (122,\'KLHF_OPTSERVER\',\'6\',\'9\',\'7\',\'23004\',\'121.78.63.140\',\'\',\'\',\'公网\',\'10.22.63.140\',\'\',\'\',\'内网\',\'\',\'\',\'\',\'\',\'32\',\'16\',\'1024\',\'0\',\'0\',\'\',\'共享\',\'运营服务器 运营后台 日志中心 测试服\',\'1\',\'运营商\',\'CentOS6.5 64位\',\'\',\'1416452463\',\'1437374428\',\'steven\')','<b>主机标识：</b>KLHF_OPTSERVER<br><b>地址：</b>121.78.63.140/10.22.63.140/<br><b>用途：</b>运营服务器 运营后台 日志中心 测试服','steven',1450422106),(155,'INSERT INTO hosts VALUES (121,\'KLHF_ACCSERVER\',\'6\',\'9\',\'7\',\'23004\',\'121.78.63.137\',\'\',\'\',\'公网\',\'10.22.63.137\',\'\',\'\',\'内网\',\'\',\'\',\'\',\'\',\'32\',\'16\',\'1024\',\'0\',\'0\',\'\',\'共享\',\'登录 充值 账户\',\'1\',\'运营商\',\'CentOS6.5 64位\',\'\',\'1416452318\',\'1416452756\',\'steven\')','<b>主机标识：</b>KLHF_ACCSERVER<br><b>地址：</b>121.78.63.137/10.22.63.137/<br><b>用途：</b>登录 充值 账户','steven',1450422109),(156,'INSERT INTO project VALUE (9, \'昆仑韩国\', \'\')','<b>项目：</b>昆仑韩国','steven',1450422151),(157,'INSERT INTO hosts VALUES (165,\'SX_OPTSERVER\',\'8\',\'13\',\'10\',\'23004\',\'49.213.14.62\',\'\',\'\',\'公网\',\'10.252.67.70\',\'\',\'\',\'内网\',\'\',\'\',\'\',\'\',\'8\',\'4\',\'300\',\'0\',\'0\',\'\',\'共享\',\'OPTSERVER 测试\',\'1\',\'运营商\',\'CentOS6.5 64位\',\'\',\'1442389205\',\'1451898081\',\'steven\')','<b>主机标识：</b>SX_OPTSERVER<br><b>地址：</b>49.213.14.62/10.252.67.70/<br><b>用途：</b>OPTSERVER 测试','steven',1451976466),(158,'INSERT INTO hosts VALUES (164,\'SX_KSERVER\',\'8\',\'13\',\'10\',\'23004\',\'49.213.14.218\',\'\',\'\',\'公网\',\'10.252.68.102\',\'\',\'\',\'内网\',\'\',\'\',\'\',\'\',\'8\',\'4\',\'300\',\'0\',\'0\',\'\',\'共享\',\'KSERVER\',\'1\',\'运营商\',\'CentOS6.5 64位\',\'\',\'1442389136\',\'1451898076\',\'steven\')','<b>主机标识：</b>SX_KSERVER<br><b>地址：</b>49.213.14.218/10.252.68.102/<br><b>用途：</b>KSERVER','steven',1451976469),(159,'INSERT INTO hosts VALUES (163,\'SX_ACCSERVER\',\'8\',\'13\',\'10\',\'23004\',\'49.213.14.30\',\'\',\'\',\'公网\',\'10.175.244.98\',\'\',\'\',\'内网\',\'\',\'\',\'\',\'\',\'8\',\'4\',\'300\',\'0\',\'0\',\'\',\'共享\',\'游戏服务器\',\'1\',\'运营商\',\'CentOS6.5 64位\',\'\',\'1442389080\',\'1451898090\',\'steven\')','<b>主机标识：</b>SX_ACCSERVER<br><b>地址：</b>49.213.14.30/10.175.244.98/<br><b>用途：</b>游戏服务器','steven',1451976470),(160,'INSERT INTO project VALUE (14, \'星魂猎手\', \'\')','<b>项目：</b>星魂猎手','steven',1453184918),(161,'INSERT INTO hosts VALUES (77,\'JY_YZ23勇者23服\',\'3\',\'5\',\'4\',\'23004\',\'115.29.204.65\',\'\',\'\',\'公网\',\'10.161.236.128\',\'\',\'\',\'内网\',\'\',\'\',\'\',\'\',\'16\',\'8\',\'100\',\'0\',\'0\',\'\',\'5\',\'云52 游戏服务器\',\'1\',\'广州简逸网络科技有限公司\',\'CentOS6.5 64位\',\'\',\'1409802147\',\'1446086655\',\'steven\')','<b>主机标识：</b>JY_YZ23勇者23服<br><b>地址：</b>115.29.204.65/10.161.236.128/<br><b>用途：</b>云52 游戏服务器','steven',1455766094),(162,'INSERT INTO hosts VALUES (83,\'JY_YZ 勇者17服\',\'3\',\'5\',\'4\',\'23004\',\'218.244.145.156\',\'\',\'\',\'公网\',\'10.162.92.197\',\'\',\'\',\'内网\',\'\',\'\',\'\',\'\',\'0\',\'8\',\'0\',\'0\',\'0\',\'\',\'\',\'云54游戏服务器\',\'1\',\'广州简逸网络科技有限公司\',\'CentOS6.5 64位\',\'\',\'1410436819\',\'1431591434\',\'steven\')','<b>主机标识：</b>JY_YZ 勇者17服<br><b>地址：</b>218.244.145.156/10.162.92.197/<br><b>用途：</b>云54游戏服务器','steven',1455766116);
/*!40000 ALTER TABLE `history` ENABLE KEYS */;
UNLOCK TABLES;

--
-- Table structure for table `hosts`
--

DROP TABLE IF EXISTS `hosts`;
/*!40101 SET @saved_cs_client     = @@character_set_client */;
/*!40101 SET character_set_client = utf8 */;
CREATE TABLE `hosts` (
  `hid` int(11) NOT NULL AUTO_INCREMENT COMMENT 'host id',
  `hostname` varchar(100) COLLATE utf8_unicode_ci DEFAULT NULL,
  `city` int(3) NOT NULL,
  `project` int(3) DEFAULT NULL COMMENT 'some project',
  `idc` int(3) DEFAULT NULL COMMENT 'IDC infomation',
  `port` int(5) DEFAULT NULL,
  `addr1_ip` varchar(50) COLLATE utf8_unicode_ci DEFAULT NULL,
  `addr1_netmask` varchar(50) COLLATE utf8_unicode_ci DEFAULT NULL,
  `addr1_gateway` varchar(50) COLLATE utf8_unicode_ci DEFAULT NULL,
  `addr1_line` varchar(50) COLLATE utf8_unicode_ci DEFAULT NULL,
  `addr2_ip` varchar(50) COLLATE utf8_unicode_ci DEFAULT NULL,
  `addr2_netmask` varchar(50) COLLATE utf8_unicode_ci DEFAULT NULL,
  `addr2_gateway` varchar(50) COLLATE utf8_unicode_ci DEFAULT NULL,
  `addr2_line` varchar(50) COLLATE utf8_unicode_ci DEFAULT NULL,
  `addr3_ip` varchar(50) COLLATE utf8_unicode_ci DEFAULT NULL,
  `addr3_netmask` varchar(50) COLLATE utf8_unicode_ci DEFAULT NULL,
  `addr3_gateway` varchar(50) COLLATE utf8_unicode_ci DEFAULT NULL,
  `addr3_line` varchar(50) COLLATE utf8_unicode_ci DEFAULT NULL,
  `memory` int(20) DEFAULT NULL,
  `cpu` int(20) DEFAULT NULL,
  `disk` int(20) DEFAULT NULL,
  `buytime` int(11) DEFAULT NULL COMMENT '购买时间',
  `servicetime` int(11) DEFAULT NULL COMMENT '质保时间',
  `hardwareinfo` text COLLATE utf8_unicode_ci,
  `bandwidth` varchar(50) COLLATE utf8_unicode_ci DEFAULT NULL,
  `uses` varchar(200) COLLATE utf8_unicode_ci DEFAULT NULL,
  `status` int(20) DEFAULT NULL,
  `company` varchar(50) COLLATE utf8_unicode_ci DEFAULT NULL,
  `os` varchar(50) COLLATE utf8_unicode_ci DEFAULT NULL,
  `other` text COLLATE utf8_unicode_ci,
  `jointime` varchar(20) COLLATE utf8_unicode_ci DEFAULT NULL,
  `modifytime` int(20) NOT NULL DEFAULT '0',
  `modifyman` varchar(20) COLLATE utf8_unicode_ci DEFAULT NULL,
  PRIMARY KEY (`hid`)
) ENGINE=MyISAM AUTO_INCREMENT=184 DEFAULT CHARSET=utf8 COLLATE=utf8_unicode_ci;
/*!40101 SET character_set_client = @saved_cs_client */;

--
-- Dumping data for table `hosts`
--

LOCK TABLES `hosts` WRITE;
/*!40000 ALTER TABLE `hosts` DISABLE KEYS */;
INSERT INTO `hosts` VALUES (155,'XHXM测试',4,15,5,23004,'210.242.196.36','','','公网','192.168.0.36','','','内网','','','','',8,8,300,20150608,0,'','共享','游戏服务器',1,'运营商','CentOS6.5 64位','','1433751731',1450424111,'steven'),(174,'YQYN_S1',9,16,11,2200,'203.162.80.113','','','','10.10.29.113','','','','','','','',8,8,200,0,0,'','共享','游戏服务器',2,'运营商','CentOS6.5 64位','','1453188603',0,'steven'),(66,'JY_勇者20服',3,5,4,23004,'121.40.124.180','','','公网','10.168.0.55','','','内网','','','','',16,8,100,0,0,'','5','云46游戏服务器',1,'广州简逸网络科技有限公司','CentOS6.3 64位','','1409128135',1438306504,'steven'),(67,'JY_OPTSERVER',3,5,4,23004,'121.40.94.68','','','公网','10.171.235.242','','','内网','','','','',16,8,100,0,0,'','5','云48 运营服务器 运营后台',1,'广州简逸网络科技有限公司','CentOS6.3 64位','','1409128188',1415938521,'steven'),(156,'MT_S1天下无双',7,12,9,23004,'120.24.82.101','','','公网','10.169.90.20','','','内网','','','','',8,8,300,20150616,0,'','共享','游戏服务器',1,'运营商','CentOS6.5 64位','','1434447124',1455766453,'steven'),(182,'YQYN_S7',9,16,11,2200,'203.162.80.120','','','','10.10.29.120','','','','','','','',8,8,200,0,0,'','共享','游戏服务器',2,'','CentOS6.5 64位','','1455851552',0,'steven'),(14,'Monitor',1,17,1,23004,'211.147.238.111','255.255.255.128','211.147.238.1','三线','','','','','','','','',62,24,600,20121220,20131219,'型号：DELL PowerEdge R710\r\nCPU：Intel(R) Xeon(R) X5675 3.07GHz 2颗*12核\r\n内存：66GB\r\n硬盘：600GB  SAS\r\n网卡：Broadcom NetXtreme II BCM5709 1000Base-T (C0) PCI Expres * 4','100M共享2M独享','游戏、监控、网站、数据库',1,'广州简逸网络科技有限公司','CentOS6.2 64位','','1355832705',1451898038,'steven'),(43,'KLFT_KSERVER',4,7,5,23004,'211.72.246.126','255.255.255.0','211.72.246.1','海外','10.22.246.126','255.255.255.0','','内网','','','','',24,16,600,0,0,'','共享','跨服 配置 静态数据 消息转发',1,'运营商','CentOS6.5 64位','','1404467854',1409817998,'steven'),(45,'KLFT_ACCSERVER',4,7,5,23004,'211.72.246.35','255.255.255.0','211.72.246.1','海外','10.22.246.35','255.255.255.0','','内网','','','','',24,16,600,0,0,'','共享','账户、登录、充值',1,'运营商','CentOS6.5 64位','','1404468427',1405670316,'steven'),(46,'KLFT_OPTSERVER',4,7,5,23004,'211.72.246.153','255.255.255.0','211.72.246.1','海外','10.22.246.153','255.255.255.0','','内网','','','','',24,16,600,0,0,'','共享','运营 日志 后台 VPN',1,'运营商','CentOS6.5 64位','','1404468494',1409818031,'steven'),(55,'JY_L1 太平道',3,5,4,23004,'115.29.192.164','','','公网','10.161.172.7','','','内网','','','','',16,8,100,0,0,'','5','云8 游戏服务器',1,'广州简逸网络科技有限公司','CentOS6.3 64位','','1409126849',1421305781,'steven'),(168,'星魂猎手封测服',3,17,4,23004,'120.27.162.213','','','公网','10.47.54.173','','','内网','','','','',32,16,100,0,0,'','100','封测服',1,'广州简逸网络科技有限公司','CentOS6.5 64位','','1449037236',1453184911,'steven'),(167,'JY_勇者25服',3,5,4,23004,'120.26.109.80','','','公网','10.252.81.150','','','内网','','','','',8,4,100,0,0,'','5','云53 游戏服务器',1,'广州简逸网络科技有限公司','CentOS6.5 64位','','1448524890',1448524905,'steven'),(143,'QWXM_ACCSERVER',4,11,5,23004,'210.242.196.149','','','公网','192.168.0.149','','','内网','','','','',8,8,300,0,0,'','共享','登录 充值 账户',1,'运营商','CentOS6.5 64位','','1421984887',1422242771,'steven'),(58,'JY_L3 夷陵林',3,5,4,23004,'115.29.163.174','','','公网','10.161.142.36','','','内网','','','','',16,8,100,0,0,'','5','云28游戏服务器',1,'广州简逸网络科技有限公司','CentOS6.3 64位','','1409127616',1421305842,'steven'),(154,'XHXM运营静态',4,15,5,23004,'210.59.145.174','','','公网','192.168.0.174','','','内网','','','','',0,0,0,0,0,'','共享','运营静态',1,'运营商','CentOS6.5 64位','','1430879931',1450493849,'steven'),(59,'JY_勇者1服',3,5,4,23004,'218.244.145.20','','','公网','10.162.88.82','','','内网','','','','',16,8,100,0,0,'','5','云10游戏服务器',1,'广州简逸网络科技有限公司','CentOS6.3 64位','','1409127701',1455766017,'steven'),(87,'KLFT_S1 惡魔盛宴',4,7,5,23004,'203.69.146.143','','','海外','10.22.146.143','','','内网','','','','',16,8,250,20140912,0,'','共享','游戏服务器',1,'运营商','CentOS6.5 64位','','1410490608',1436347195,'steven'),(144,'QWXM_OPTSERVER',4,11,5,23004,'210.242.196.150','','','公网','192.168.0.150','','','内网','','','','',8,8,300,0,0,'','共享','运营服务器 运营后台 日志中心',1,'运营商','CentOS6.5 64位','','1421985355',1422242790,'steven'),(70,'JY_ACCSERVER',3,5,4,23004,'115.29.172.254','','','','10.161.164.177','','','','','','','',32,8,100,0,0,'','5','云1 登录 充值 账户',1,'广州简逸网络科技有限公司','CentOS6.3 64位','','1409128811',1415938576,'steven'),(71,'JY_KSERVER',3,5,4,23004,'115.29.177.152','','','','10.161.177.105','','','','','','','',24,8,100,0,0,'','1','云199 跨服 静态数据',1,'广州简逸网络科技有限公司','CentOS6.3 64位','','1409129064',1409194912,'steven'),(72,'JY_P1',3,5,4,23004,'115.29.11.164','','','','10.122.65.6','','','','','','','',8,8,100,0,0,'','5','云27 微信码 消息转发 繁体资源CDN推送',1,'广州简逸网络科技有限公司','CentOS6.3 64位','','1409129205',1410418743,'steven'),(73,'JY_P2',3,5,4,23004,'114.215.182.199','','','公网','10.162.95.78','','','内网','','','','',32,8,1100,0,0,'','1','云42 备份 统计 日志中心',1,'广州简逸网络科技有限公司','CentOS6.3 64位','','1409129364',1418784645,'steven'),(175,'YQYN_S2',9,16,11,2200,'203.162.80.114','','','','10.10.29.114','','','','','','','',8,8,200,0,0,'','共享','游戏服务器',2,'运营商','CentOS6.5 64位','','1453188639',0,'steven'),(179,'YQYN_S4',9,16,11,2200,'203.162.80.117','','','','10.10.29.117','','','','','','','',8,8,200,0,0,'','','游戏服务器',2,'','CentOS6.5 64位','','1455851427',0,'steven'),(180,'YQYN_S5',9,16,11,2200,'203.162.80.118','','','','10.10.29.118','','','','','','','',8,8,200,0,0,'','共享','游戏服务器',2,'','CentOS6.5 64位','','1455851470',0,'steven'),(148,'QWXM_TEST 测试服',4,11,5,23004,'210.242.196.62','','','公网','192.168.0.62','','','内网','','','','',8,8,200,0,0,'','共享','游戏服务器',1,'运营商','CentOS6.5 64位','','1427181239',1427182265,'steven'),(153,'MT_TEST',7,12,9,23004,'120.24.228.69','','','公网','10.170.26.254','','','内网','','','','',8,8,300,0,0,'','5','游戏服务器',1,'运营商','CentOS6.5 64位','','1429773897',0,'steven'),(169,'账户 充值',9,16,11,2200,'203.162.80.110','','','','10.10.29.110','','','','','','','',16,8,200,0,0,'','共享','账户 充值',1,'运营商','CentOS6.6 64位','','1451359445',0,'steven'),(178,'YQYN_S3',9,16,11,2200,'203.162.80.116','','','公网','10.10.29.116','','','内网','','','','',8,8,200,0,0,'','共享','游戏服务器',2,'运营商','CentOS6.5 64位','','1455851287',0,'steven'),(152,'MT_KSERVER',7,12,9,23004,'120.24.227.71','','','公网','10.170.51.146','','','内网','','','','',8,8,300,0,0,'','5','跨服 配置 静态数据 消息转发',1,'运营商','CentOS6.5 64位','','1429773777',1429773824,'steven'),(150,'MT_ACCSERVER',7,12,9,23004,'120.24.77.197','','','公网','10.169.96.168','','','内网','','','','',8,8,0,0,0,'','5','登录 充值 账户',1,'运营商','CentOS6.5 64位','','1429773663',1429773835,'steven'),(151,'MT_OPTSERVER',7,12,9,23004,'120.24.166.35','','','公网','10.169.212.14','','','内网','','','','',8,8,300,0,0,'','5','运营服务器 运营后台 日志中心',1,'运营商','CentOS6.5 64位','','1429773724',1429773843,'steven'),(183,'YQYN_S8',9,16,11,2200,'203.162.80.121','','','','10.10.29.121','','','','','','','',8,8,200,0,0,'','共享','游戏服务器',2,'','CentOS6.5 64位','','1455851599',0,'steven'),(112,'JY_勇者22服',3,5,4,23004,'115.29.225.131','','','公网','10.161.184.101','','','内网','','','','',16,8,100,20141010,0,'','5','云29 游戏服务器',1,'广州简逸网络科技有限公司','CentOS6.5 64位','','1412911795',1443162784,'steven'),(146,'QWXM_YZ01  勇者1服',4,11,5,23004,'210.242.196.153','','','公网','192.168.0.153','','','内网','','','','',8,8,300,0,0,'','共享','游戏服务器',1,'运营商','CentOS6.5 64位','','1422242921',1441851380,'steven'),(147,'XHXM账户充值',4,15,5,23004,'210.242.196.61','','','公网','192.168.0.61','','','内网','','','','',8,8,200,0,0,'','共享','账户 充值',1,'运营商','CentOS6.5 64位','','1427176817',1450424044,'steven'),(145,'QWXM_KSERVER',4,11,5,23004,'210.242.196.148','','','公网','192.168.0.148','','','内网','','','','',8,8,300,0,0,'','共享','跨服 配置 静态数据 消息转发',1,'运营商','CentOS6.5 64位','','1422242855',0,'steven'),(116,'QQ_SERVER',7,10,8,0,'182.254.234.204','','','公网','10.249.166.44','','','内网','','','','',24,8,300,0,0,'','5','账户、登录、充值、游戏',1,'运营商','CentOS6.3 64位','','1414046578',1441941559,'steven'),(176,'XHXM_S1',4,15,5,23004,'211.72.254.138','','','公网','192.168.0.138','','','内网','','','','',0,0,0,0,0,'','','游戏服务器',1,'运营商','','','1454298810',0,'steven'),(177,'JY_勇者27服',3,5,9,23004,'121.41.8.138','','','公网','10.117.183.143','','','内网','','','','',0,0,0,0,0,'','','云62游戏服务器',1,'','','','1454394877',0,'steven'),(170,'跨服',9,16,11,2200,'203.162.80.111','','','','10.10.29.111','','','','','','','',8,4,100,0,0,'','共享','跨服',1,'运营商','CentOS6.6 64位','','1451359509',0,'steven'),(171,'YQYN运营',9,16,11,2200,'203.162.80.112','','','','10.10.29.112','','','','','','','',8,4,100,0,0,'','共享','运营',1,'运营商','CentOS6.6 64位','','1451359587',0,'steven'),(172,'JY_',3,5,4,23004,'121.41.57.189','','','','10.168.172.3','','','','','','','',0,0,0,0,0,'','共享','云61 游戏服务器',2,'运营商','','','1451457547',1455777867,'steven'),(173,'VPNServer',8,17,10,23004,'47.89.30.103','','','','','','','','','','','',0,0,0,0,0,'','共享','VPN',1,'广州简逸网络科技有限公司','','','1451898023',0,'steven'),(157,'MT_S',7,12,9,23004,'120.24.226.170','','','公网','10.170.23.187','','','内网','','','','',8,8,300,0,0,'','共享','游戏服务器',2,'运营商','CentOS6.5 64位','','1435204719',1456122158,'steven'),(166,'SX_多功能',8,13,10,23004,'49.213.14.234','','','公网','10.252.75.127','','','内网','','','','',8,4,300,0,0,'','共享','游戏服务器',1,'运营商','CentOS6.5 64位','','1442389249',1451976477,'steven'),(181,'YQYN_S6',9,16,11,2200,'203.162.80.119','','','','10.10.29.119','','','','','','','',8,8,200,0,0,'','共享','游戏服务器',2,'','CentOS6.5 64位','','1455851515',0,'steven'),(160,'MT_S14四面楚歌',7,12,9,23004,'120.25.101.129','','','公网','10.170.113.251','','','内网','','','','',8,8,300,0,0,'','共享','游戏服务器',1,'运营商','CentOS6.5 64位','','1439273686',1451896724,'steven'),(161,'MT_S18乱世佳人',7,12,9,23004,'120.25.106.173','','','公网','10.170.114.84','','','内网','','','','',8,8,300,0,0,'','共享','游戏服务器',1,'运营商','CentOS6.5 64位','','1439865187',1456122167,'steven'),(162,'MT_S8黄金时代',7,12,9,23004,'120.25.106.204','','','公网','10.170.115.96','','','内网','','','','',8,8,300,0,0,'','共享','游戏服务器',1,'运营商','CentOS6.5 64位','','1439865231',1440489983,'steven');
/*!40000 ALTER TABLE `hosts` ENABLE KEYS */;
UNLOCK TABLES;

--
-- Table structure for table `idc`
--

DROP TABLE IF EXISTS `idc`;
/*!40101 SET @saved_cs_client     = @@character_set_client */;
/*!40101 SET character_set_client = utf8 */;
CREATE TABLE `idc` (
  `iid` int(11) NOT NULL AUTO_INCREMENT,
  `city` int(6) NOT NULL COMMENT '所在城市',
  `idcname` varchar(200) COLLATE utf8_unicode_ci DEFAULT NULL,
  `contact` varchar(200) COLLATE utf8_unicode_ci DEFAULT NULL,
  `hztime` int(11) DEFAULT NULL COMMENT '开始合作时间',
  `other` text COLLATE utf8_unicode_ci,
  PRIMARY KEY (`iid`)
) ENGINE=MyISAM AUTO_INCREMENT=12 DEFAULT CHARSET=utf8 COLLATE=utf8_unicode_ci;
/*!40101 SET character_set_client = @saved_cs_client */;

--
-- Dumping data for table `idc`
--

LOCK TABLES `idc` WRITE;
/*!40000 ALTER TABLE `idc` DISABLE KEYS */;
INSERT INTO `idc` VALUES (1,1,'新一代数据中心','020-66849123',0,'地址：广州市东风西路191号国际银行中心 2楼\r\n线路：电信、联通、移动\r\n类型：BGP、单ip\r\n\r\n客服邮箱：cs1@gzidc.com\r\n客户经理：13610076510 夏敏\r\n\r\n公司ip：183.63.174.250'),(4,3,'阿里云杭州','',0,''),(5,4,'台湾IDC','',0,''),(6,5,'北京IDC','',0,''),(3,1,'公司内部机房','',0,''),(7,6,'韩国IDC','',0,''),(8,1,'腾讯云广州','',0,''),(9,7,'阿里云深圳','',0,''),(10,8,'香港IDC','',0,''),(11,9,'越南IDC','',0,'');
/*!40000 ALTER TABLE `idc` ENABLE KEYS */;
UNLOCK TABLES;

--
-- Table structure for table `project`
--

DROP TABLE IF EXISTS `project`;
/*!40101 SET @saved_cs_client     = @@character_set_client */;
/*!40101 SET character_set_client = utf8 */;
CREATE TABLE `project` (
  `pid` int(11) NOT NULL AUTO_INCREMENT,
  `project` varchar(50) COLLATE utf8_unicode_ci NOT NULL,
  `other` text COLLATE utf8_unicode_ci,
  PRIMARY KEY (`pid`)
) ENGINE=MyISAM AUTO_INCREMENT=18 DEFAULT CHARSET=utf8 COLLATE=utf8_unicode_ci;
/*!40101 SET character_set_client = @saved_cs_client */;

--
-- Dumping data for table `project`
--

LOCK TABLES `project` WRITE;
/*!40000 ALTER TABLE `project` DISABLE KEYS */;
INSERT INTO `project` VALUES (7,'玉契-繁体','港澳台等繁体中文地区运营\r\n\r\n王凡：15811266400'),(11,'玉契-新马',''),(5,'玉契-国服','中微子工作室，原《神话三国》项目\r\n\r\n主要负责人 \r\n叶威：13480242375\r\n赵旺宝:15918717787\r\n孔健全：13719117176\r\n邓继锋：13502410225\r\n戴逢改：18620201649\r\n钟立波：13430383353\r\n程文婷：15920161254\r\n江军杰：13632275001\r\n曾雷：13112226787\r\n黄春易：13751733327\r\n江金光：15902087738（主用）　13728190237（副用）\r\n刘金亮：13794346085\r\n \r\n'),(15,'星魂-新马',''),(10,'玉契-腾讯','腾讯应用宝平台'),(12,'玉契-名通','江苏名通信息科技有限公司'),(13,'玉契-手心','登录域名 login.shouxinserver.com\r\n充值域名 charge.shouxinserver.com\r\n后台域名 manager.shouxinserver.com\r\n资源域名：http://resource.shouxinserver.com/'),(16,'玉契-越南',''),(17,'公共','');
/*!40000 ALTER TABLE `project` ENABLE KEYS */;
UNLOCK TABLES;

--
-- Table structure for table `status`
--

DROP TABLE IF EXISTS `status`;
/*!40101 SET @saved_cs_client     = @@character_set_client */;
/*!40101 SET character_set_client = utf8 */;
CREATE TABLE `status` (
  `sid` int(3) NOT NULL AUTO_INCREMENT,
  `status` varchar(100) COLLATE utf8_unicode_ci NOT NULL,
  PRIMARY KEY (`sid`)
) ENGINE=MyISAM AUTO_INCREMENT=6 DEFAULT CHARSET=utf8 COLLATE=utf8_unicode_ci COMMENT='主机状态表';
/*!40101 SET character_set_client = @saved_cs_client */;

--
-- Dumping data for table `status`
--

LOCK TABLES `status` WRITE;
/*!40000 ALTER TABLE `status` DISABLE KEYS */;
INSERT INTO `status` VALUES (1,'启用'),(2,'备用'),(3,'软件故障'),(4,'硬件故障'),(5,'停机');
/*!40000 ALTER TABLE `status` ENABLE KEYS */;
UNLOCK TABLES;

--
-- Table structure for table `users`
--

DROP TABLE IF EXISTS `users`;
/*!40101 SET @saved_cs_client     = @@character_set_client */;
/*!40101 SET character_set_client = utf8 */;
CREATE TABLE `users` (
  `uid` int(11) NOT NULL AUTO_INCREMENT COMMENT 'user ID',
  `privilege` int(3) NOT NULL COMMENT '0:visitor;1:Admin',
  `username` varchar(50) COLLATE utf8_unicode_ci NOT NULL,
  `password` varchar(100) COLLATE utf8_unicode_ci NOT NULL,
  `createtime` varchar(20) COLLATE utf8_unicode_ci DEFAULT NULL COMMENT 'account create time',
  `lastlogin` varchar(20) COLLATE utf8_unicode_ci DEFAULT NULL COMMENT 'last logined time',
  `loginip` varchar(50) COLLATE utf8_unicode_ci DEFAULT NULL,
  `phone` varchar(50) COLLATE utf8_unicode_ci DEFAULT NULL,
  `email` varchar(100) COLLATE utf8_unicode_ci DEFAULT NULL,
  `other` varchar(500) COLLATE utf8_unicode_ci DEFAULT NULL COMMENT 'other description',
  PRIMARY KEY (`uid`)
) ENGINE=MyISAM AUTO_INCREMENT=8 DEFAULT CHARSET=utf8 COLLATE=utf8_unicode_ci;
/*!40101 SET character_set_client = @saved_cs_client */;

--
-- Dumping data for table `users`
--

LOCK TABLES `users` WRITE;
/*!40000 ALTER TABLE `users` DISABLE KEYS */;
INSERT INTO `users` VALUES (1,2,'steven','d346b5481c38c7aeb97e9cebed813228','1344426696','1456305142','47.89.30.103','15889982199','gzjygame@163.com','广州简逸网络科技有限公司\r\n广州市启萌通信技术有限公司\r\n广州华夏同创网络技术有限公司\r\n广州极速通网络科技有限公司\r\n备用号码：189 2215 9011\r\n\r\n京：123.56.162.142  510155152\r\n杭：120.55.114.9 489148625\r\n深：120.24.14.193  586968980\r\nSteven5188888\r\nGG: 508019351\r\nHOMEPC ID : 488963268\r\nCOMPC ID: 489167976\r\n'),(5,0,'liujl','32f9548d756e82b6ef2c681497e7c875','1408774537','1457601105','121.32.6.182','','',''),(6,0,'zenglei','fa719bae9a65d221aa2a1a2abe4fcfec','1409814888','1457439491','116.21.139.197','','',''),(7,0,'dzh','46a86a0f9c3ba7d20e73bc0fc3a50db5','1413969922','1414047899','183.63.174.250','','','');
/*!40000 ALTER TABLE `users` ENABLE KEYS */;
UNLOCK TABLES;
/*!40103 SET TIME_ZONE=@OLD_TIME_ZONE */;

/*!40101 SET SQL_MODE=@OLD_SQL_MODE */;
/*!40014 SET FOREIGN_KEY_CHECKS=@OLD_FOREIGN_KEY_CHECKS */;
/*!40014 SET UNIQUE_CHECKS=@OLD_UNIQUE_CHECKS */;
/*!40101 SET CHARACTER_SET_CLIENT=@OLD_CHARACTER_SET_CLIENT */;
/*!40101 SET CHARACTER_SET_RESULTS=@OLD_CHARACTER_SET_RESULTS */;
/*!40101 SET COLLATION_CONNECTION=@OLD_COLLATION_CONNECTION */;
/*!40111 SET SQL_NOTES=@OLD_SQL_NOTES */;

-- Dump completed on 2016-03-11 10:49:57
